{
  "data": [
    {
      "name": "⭐Polska",
      "designation": "Vous devez être connecté pour voir ou télécharger l'archive."
    },

    {
      "name": "⭐LittleAngel84",
      "designation": "Vous devez être connecté pour voir ou télécharger l'archive."
    },
    {
      "name": "⭐Angella Doll",
      "designation": "Vous devez être connecté pour voir ou télécharger l'archive."
    },
    {
      "name": "⭐La Petite Frenchie",
      "designation": "Vous devez être connecté pour voir ou télécharger l'archive."
    },
    {
      "name": "⭐Ava Moore",
      "designation": "Vous devez être connecté pour voir ou télécharger l'archive."
    },
    {
      "name": "⭐Djuliana-sexy",
      "designation": "Vous devez être connecté pour voir ou télécharger l'archive."
    },

    {
      "name": "⭐Jeweln_22",
      "designation": "Vous devez être connecté pour voir ou télécharger l'archive."
    },
    {
      "name": "⭐Marinaatn",
      "designation": "Vous devez être connecté pour voir ou télécharger l'archive."
    },

    {
      "name": "⭐Sextwoo",
      "designation": "Vous devez être connecté pour voir ou télécharger l'archive."
    },
    {
      "name": "⭐Bellatina",
      "designation": "Vous devez être connecté pour voir ou télécharger l'archive."
    },
    {
      "name": "⭐Ashelyoff",
      "designation": "Vous devez être connecté pour voir ou télécharger l'archive."
    },
    {
      "name": "⭐Madeincanaria",
      "designation": "Vous devez être connecté pour voir ou télécharger l'archive."
    },
    {
      "name": "⭐Ruby Nikara",
      "designation": "Vous devez être connecté pour voir ou télécharger l'archive."
    },
    {
      "name": "⭐Fanny_Applepie",
      "designation": "Vous devez être connecté pour voir ou télécharger l'archive."
    },
    {
      "name": "⭐Enyaa_off",
      "designation": "Vous devez être connecté pour voir ou télécharger l'archive."
    },
    {
      "name": "⭐Bambi Two",
      "designation": "Vous devez être connecté pour voir ou télécharger l'archive."
    },
    {
      "name": "⭐Mrspoindexter",
      "designation": "Vous devez être connecté pour voir ou télécharger l'archive."
    },
    {
      "name": "⭐Bellabodhivip",
      "designation": "Vous devez être connecté pour voir ou télécharger l'archive."
    },
    {
      "name": "⭐Modeljenlynn",
      "designation": "Vous devez être connecté pour voir ou télécharger l'archive."
    },
    {
      "name": "⭐Hotwifehunny",
      "designation": "Vous devez être connecté pour voir ou télécharger l'archive."
    },
    {
      "name": "⭐Estefaa",
      "designation": "Vous devez être connecté pour voir ou télécharger l'archive."
    },
    {
      "name": "⭐Ozzora17",
      "designation": "Vous devez être connecté pour voir ou télécharger l'archive."
    },
    {
      "name": "⭐Mariam-abdallah",
      "designation": "Vous devez être connecté pour voir ou télécharger l'archive."
    },
    {
      "name": "⭐Bellajameel",
      "designation": "Vous devez être connecté pour voir ou télécharger l'archive."
    },
    {
      "name": "⭐lissanascott",
      "designation": "Vous devez être connecté pour voir ou télécharger l'archive."
    },
    {
      "name": "⭐bellagrace",
      "designation": "Vous devez être connecté pour voir ou télécharger l'archive."
    },
    {
      "name": "⭐itsliahlou",
      "designation": "Vous devez être connecté pour voir ou télécharger l'archive."
    },
    {
      "name": "⭐Estephania_ha",
      "designation": "Vous devez être connecté pour voir ou télécharger l'archive."
    },
    {
      "name": "⭐Valentina.sm",
      "designation": "Vous devez être connecté pour voir ou télécharger l'archive."
    },
    {
      "name": "⭐Helene En Marche Noire",
      "designation": "Vous devez être connecté pour voir ou télécharger l'archive."
    },
    {
      "name": "⭐Kwonderful1",
      "designation": "Vous devez être connecté pour voir ou télécharger l'archive."
    },
    {
      "name": "⭐Island girls",
      "designation": "Vous devez être connecté pour voir ou télécharger l'archive."
    },
    {
      "name": "⭐Stela cox",
      "designation": "Vous devez être connecté pour voir ou télécharger l'archive."
    },

    {
      "name": "⭐Rocket babey",
      "designation": "Vous devez être connecté pour voir ou télécharger l'archive."
    },
    {
      "name": "⭐Kahina_sbeauty",
      "designation": "Vous devez être connecté pour voir ou télécharger l'archive."
    },

    {
      "name": "⭐jennthepimp",
      "designation": "Vous devez être connecté pour voir ou télécharger l'archive."
    },
    {
      "name": "⭐Missbnasty",
      "designation": "Vous devez être connecté pour voir ou télécharger l'archive."
    },
    {
      "name": "⭐SeeBrittanya",
      "designation": "Vous devez être connecté pour voir ou télécharger l'archive."
    },
    {
      "name": "⭐Sarah Banks",
      "designation": "Vous devez être connecté pour voir ou télécharger l'archive."
    },
    {
      "name": "⭐Greenbadbich",
      "designation": "Vous devez être connecté pour voir ou télécharger l'archive."
    },

    {
      "name": "⭐Lady Dadoune",
      "designation": "Vous devez être connecté pour voir ou télécharger l'archive."
    },
    {
      "name": "⭐Meg-Anne cheryl",
      "designation": "Vous devez être connecté pour voir ou télécharger l'archive."
    },
    {
      "name": "⭐Kitty22",
      "designation": "Vous devez être connecté pour voir ou télécharger l'archive."
    },
    {
      "name": "⭐Zlata Sharvarok",
      "designation": "Vous devez être connecté pour voir ou télécharger l'archive."
    },
    {
      "name": "⭐Emef",
      "designation": "Vous devez être connecté pour voir ou télécharger l'archive."
    },
    {
      "name": "⭐Honeey_Cecile",
      "designation": "Vous devez être connecté pour voir ou télécharger l'archive."
    },

    {
      "name": "⭐Jelenavip",
      "designation": "Vous devez être connecté pour voir ou télécharger l'archive."
    },
    {
      "name": "⭐Bmhottie",
      "designation": "Vous devez être connecté pour voir ou télécharger l'archive."
    },
    {
      "name": "⭐Msddcollins",
      "designation": "Vous devez être connecté pour voir ou télécharger l'archive."
    },
    {
      "name": "⭐Chounette_blue",
      "designation": "Vous devez être connecté pour voir ou télécharger l'archive."
    },
    {
      "name": "⭐Talahia34",
      "designation": "Vous devez être connecté pour voir ou télécharger l'archive."
    },
    {
      "name": "⭐Unmissabl",
      "designation": "Vous devez être connecté pour voir ou télécharger l'archive."
    },
    {
      "name": "⭐Hot4lexi",
      "designation": "Vous devez être connecté pour voir ou télécharger l'archive."
    },
    {
      "name": "⭐Its-xoxo",
      "designation": "Vous devez être connecté pour voir ou télécharger l'archive."
    },
    {
      "name": "⭐Anywayornella",
      "designation": "Vous devez être connecté pour voir ou télécharger l'archive."
    },
    {
      "name": "⭐Baddangel",
      "designation": "Vous devez être connecté pour voir ou télécharger l'archive."
    },
    {
      "name": "⭐Prunelle_fitgirl",
      "designation": "Vous devez être connecté pour voir ou télécharger l'archive."
    },
    {
      "name": "⭐Melissadouceurdiles",
      "designation": "Vous devez être connecté pour voir ou télécharger l'archive."
    },
    {
      "name": "⭐Chouchou",
      "designation": "Vous devez être connecté pour voir ou télécharger l'archive."
    },
    {
      "name": "⭐Sweetkenza",
      "designation": "Vous devez être connecté pour voir ou télécharger l'archive."
    },
    {
      "name": "⭐Karabaae",
      "designation": "Vous devez être connecté pour voir ou télécharger l'archive."
    },
    {
      "name": "⭐Senora_cely",
      "designation": "Vous devez être connecté pour voir ou télécharger l'archive."
    },
    {
      "name": "⭐Diamondgirlll",
      "designation": "Vous devez être connecté pour voir ou télécharger l'archive."
    },
    {
      "name": "⭐Realbaddbb",
      "designation": "Vous devez être connecté pour voir ou télécharger l'archive."
    },
    {
      "name": "⭐Purplle_giiirll ",
      "designation": "Vous devez être connecté pour voir ou télécharger l'archive."
    },

    {
      "name": "⭐Chloé duval",
      "designation": "Vous devez être connecté pour voir ou télécharger l'archive."
    },
    {
      "name": "⭐Danikamori",
      "designation": "Vous devez être connecté pour voir ou télécharger l'archive."
    },
    {
      "name": "⭐Amadani",
      "designation": "Vous devez être connecté pour voir ou télécharger l'archive."
    },
    {
      "name": "⭐Dodo_mym",
      "designation": "Vous devez être connecté pour voir ou télécharger l'archive."
    },
    {
      "name": "⭐Indica Flower",
      "designation": "Vous devez être connecté pour voir ou télécharger l'archive."
    },
    {
      "name": "⭐Haffnercharlotte",
      "designation": "Vous devez être connecté pour voir ou télécharger l'archive."
    },
    {
      "name": "⭐Himynamestee",
      "designation": "Vous devez être connecté pour voir ou télécharger l'archive."
    },
    {
      "name": "⭐Aly_b",
      "designation": "Vous devez être connecté pour voir ou télécharger l'archive."
    },
    {
      "name": "⭐Lunaokko ",
      "designation": "Vous devez être connecté pour voir ou télécharger l'archive."
    },
    {
      "name": "⭐Mariah leonne",
      "designation": "Vous devez être connecté pour voir ou télécharger l'archive."
    },
    {
      "name": "⭐Caribean_girl",
      "designation": "Vous devez être connecté pour voir ou télécharger l'archive."
    },
    {
      "name": "⭐Choupetta230",
      "designation": "Vous devez être connecté pour voir ou télécharger l'archive."
    },
    {
      "name": "⭐Hotgyaldem",
      "designation": "Vous devez être connecté pour voir ou télécharger l'archive."
    },
    {
      "name": "⭐katiepardon2001",
      "designation": "Vous devez être connecté pour voir ou télécharger l'archive."
    },
    {
      "name": "⭐Lisa_brhd",
      "designation": "Vous devez être connecté pour voir ou télécharger l'archive."
    },
    {
      "name": "⭐Mackenzie Jones",
      "designation": "Vous devez être connecté pour voir ou télécharger l'archive."
    },

    {
      "name": "⭐Uhliar",
      "designation": "Vous devez être connecté pour voir ou télécharger l'archive."
    },
    {
      "name": "⭐Lexi_dolls",
      "designation": "Vous devez être connecté pour voir ou télécharger l'archive."
    },
    {
      "name": "⭐Thepinkpussy",
      "designation": "Vous devez être connecté pour voir ou télécharger l'archive."
    },

    {
      "name": "⭐Mia Khalifa",
      "designation": "Vous devez être connecté pour voir ou télécharger l'archive."
    },
    {
      "name": "⭐Liza Monet",
      "designation": "Vous devez être connecté pour voir ou télécharger l'archive."
    },
    {
      "name": "⭐Diana",
      "designation": "Vous devez être connecté pour voir ou télécharger l'archive."
    },
    {
      "name": "⭐Nnayetakk",
      "designation": "Vous devez être connecté pour voir ou télécharger l'archive."
    },
    {
      "name": "⭐Jadeteen",
      "designation": "Vous devez être connecté pour voir ou télécharger l'archive."
    },

    {
      "name": "⭐Lina luxa",
      "designation": "Vous devez être connecté pour voir ou télécharger l'archive."
    },
    {
      "name": "⭐Fk2 hard",
      "designation": "Vous devez être connecté pour voir ou télécharger l'archive."
    },
    {
      "name": "⭐Lea Chipie",
      "designation": "Vous devez être connecté pour voir ou télécharger l'archive."
    },

    {
      "name": "⭐Jadelavoie",
      "designation": "Vous devez être connecté pour voir ou télécharger l'archive."
    },
    {
      "name": "⭐Djensiee",
      "designation": "Vous devez être connecté pour voir ou télécharger l'archive."
    },
    {
      "name": "⭐Furred",
      "designation": "Vous devez être connecté pour voir ou télécharger l'archive."
    },
    {
      "name": "⭐blahgigi",
      "designation": "Vous devez être connecté pour voir ou télécharger l'archive."
    },
    {
      "name": "⭐Sianux",
      "designation": "Vous devez être connecté pour voir ou télécharger l'archive."
    },

    {
      "name": "⭐PrincessHelayna",
      "designation": "Vous devez être connecté pour voir ou télécharger l'archive."
    },
    {
      "name": "⭐Delicieuse",
      "designation": "Vous devez être connecté pour voir ou télécharger l'archive."
    },

    {
      "name": "⭐Lea Mary",
      "designation": "Vous devez être connecté pour voir ou télécharger l'archive."
    },
    {
      "name": "⭐Leana Zaoui",
      "designation": "Vous devez être connecté pour voir ou télécharger l'archive."
    },

    {
      "name": "⭐Sierrabunni",
      "designation": "Vous devez être connecté pour voir ou télécharger l'archive."
    },

    {
      "name": "⭐Mativip",
      "designation": "Vous devez être connecté pour voir ou télécharger l'archive."
    },
    {
      "name": "⭐Tesy",
      "designation": "Vous devez être connecté pour voir ou télécharger l'archive."
    },
    {
      "name": "⭐amouranth",
      "designation": "Vous devez être connecté pour voir ou télécharger l'archive."
    },

    {
      "name": "⭐Messrine",
      "designation": "Vous devez être connecté pour voir ou télécharger l'archive."
    },
    {
      "name": "⭐Justedelart",
      "designation": "Vous devez être connecté pour voir ou télécharger l'archive."
    },
    {
      "name": "⭐Kim glow",
      "designation": "Vous devez être connecté pour voir ou télécharger l'archive."
    },

    {
      "name": "⭐Sweetbodymary",
      "designation": "Vous devez être connecté pour voir ou télécharger l'archive."
    },
    {
      "name": "⭐310lexaa",
      "designation": "Vous devez être connecté pour voir ou télécharger l'archive."
    },
    {
      "name": "⭐Katru.ru",
      "designation": "Vous devez être connecté pour voir ou télécharger l'archive."
    },
    {
      "name": "⭐Jannisgremory",
      "designation": "Vous devez être connecté pour voir ou télécharger l'archive."
    },
    {
      "name": "⭐Taliasati",
      "designation": "Vous devez être connecté pour voir ou télécharger l'archive."
    },

    {
      "name": "⭐Julicuencaa",
      "designation": "Vous devez être connecté pour voir ou télécharger l'archive."
    },
    {
      "name": "⭐GloryZavatrash",
      "designation": "Vous devez être connecté pour voir ou télécharger l'archive."
    },
    {
      "name": "⭐Kkvsh",
      "designation": "Vous devez être connecté pour voir ou télécharger l'archive."
    },
    {
      "name": "⭐Lea_guerlin",
      "designation": "Vous devez être connecté pour voir ou télécharger l'archive."
    },
    {
      "name": "⭐Douceur_des_iles",
      "designation": "Vous devez être connecté pour voir ou télécharger l'archive."
    },
    {
      "name": "⭐aline75008",
      "designation": "Vous devez être connecté pour voir ou télécharger l'archive."
    },
    {
      "name": "⭐Meanawolf",
      "designation": "Vous devez être connecté pour voir ou télécharger l'archive."
    },
    {
      "name": "⭐Noemiexlili",
      "designation": "Vous devez être connecté pour voir ou télécharger l'archive."
    },
    {
      "name": "⭐Mel_bootylove",
      "designation": "Vous devez être connecté pour voir ou télécharger l'archive."
    },
    {
      "name": "⭐Adorexkeya",
      "designation": "Vous devez être connecté pour voir ou télécharger l'archive."
    },
    {
      "name": "⭐Theeonlyalaia",
      "designation": "Vous devez être connecté pour voir ou télécharger l'archive."
    },
    {
      "name": "⭐Adorable_alice",
      "designation": "Vous devez être connecté pour voir ou télécharger l'archive."
    },
    {
      "name": "⭐Biagonewild",
      "designation": "Vous devez être connecté pour voir ou télécharger l'archive."
    },
    {
      "name": "⭐Nalafitness",
      "designation": "Vous devez être connecté pour voir ou télécharger l'archive."
    },
    {
      "name": "⭐Melissima",
      "designation": "Vous devez être connecté pour voir ou télécharger l'archive."
    },
    {
      "name": "⭐Badsweet",
      "designation": "Vous devez être connecté pour voir ou télécharger l'archive."
    },
    {
      "name": "⭐brandi_love",
      "designation": "Vous devez être connecté pour voir ou télécharger l'archive."
    },

    {
      "name": "⭐Aaliyah Hadid",
      "designation": "Vous devez être connecté pour voir ou télécharger l'archive."
    },
    {
      "name": "⭐Abella Danger ",
      "designation": "Vous devez être connecté pour voir ou télécharger l'archive."
    },
    {
      "name": "⭐Acidsensuality",
      "designation": "Vous devez être connecté pour voir ou télécharger l'archive."
    },
    {
      "name": "⭐Empress Saskiaa",
      "designation": "Vous devez être connecté pour voir ou télécharger l'archive."
    },
    {
      "name": "⭐Ad_Ink_Ra ",
      "designation": "Vous devez être connecté pour voir ou télécharger l'archive."
    },
    {
      "name": "⭐Adelinebri",
      "designation": "Vous devez être connecté pour voir ou télécharger l'archive."
    },
    {
      "name": "⭐Adriaraexxx",
      "designation": "Vous devez être connecté pour voir ou télécharger l'archive."
    },
    {
      "name": "⭐Aleso",
      "designation": "Vous devez être connecté pour voir ou télécharger l'archive."
    },
    {
      "name": "⭐Liza Del Sierra",
      "designation": "Vous devez être connecté pour voir ou télécharger l'archive."
    },
    {
      "name": "⭐Alexclark",
      "designation": "Vous devez être connecté pour voir ou télécharger l'archive."
    },
    {
      "name": "⭐Alexiemore",
      "designation": "Vous devez être connecté pour voir ou télécharger l'archive."
    },
    {
      "name": "⭐Alexismucci",
      "designation": "Vous devez être connecté pour voir ou télécharger l'archive."
    },
    {
      "name": "⭐Aliciacanomodel",
      "designation": "Vous devez être connecté pour voir ou télécharger l'archive."
    },
    {
      "name": "⭐Aliyaahbigass",
      "designation": "Vous devez être connecté pour voir ou télécharger l'archive."
    },
    {
      "name": "⭐Allisonparker",
      "designation": "Vous devez être connecté pour voir ou télécharger l'archive."
    },
    {
      "name": "⭐Amandahott",
      "designation": "Vous devez être connecté pour voir ou télécharger l'archive."
    },
    {
      "name": "⭐Amanda Trivizas",
      "designation": "Vous devez être connecté pour voir ou télécharger l'archive."
    },
    {
      "name": "⭐Amberrose",
      "designation": "Vous devez être connecté pour voir ou télécharger l'archive."
    },
    {
      "name": "⭐Anais_Dbv",
      "designation": "Vous devez être connecté pour voir ou télécharger l'archive."
    },
    {
      "name": "⭐Anais_Rz",
      "designation": "Vous devez être connecté pour voir ou télécharger l'archive."
    },
    {
      "name": "⭐Anaisbragaoff",
      "designation": "Vous devez être connecté pour voir ou télécharger l'archive."
    },
    {
      "name": "⭐M20",
      "designation": "Vous devez être connecté pour voir ou télécharger l'archive."
    },
    {
      "name": "⭐Anaiszucchini",
      "designation": "Vous devez être connecté pour voir ou télécharger l'archive."
    },
    {
      "name": "⭐Andra_Blc",
      "designation": "Vous devez être connecté pour voir ou télécharger l'archive."
    },
    {
      "name": "⭐Angelawhite",
      "designation": "Vous devez être connecté pour voir ou télécharger l'archive."
    },
    {
      "name": "⭐Asiancat",
      "designation": "Vous devez être connecté pour voir ou télécharger l'archive."
    },
    {
      "name": "⭐Aspenashleigh",
      "designation": "Vous devez être connecté pour voir ou télécharger l'archive."
    },
    {
      "name": "⭐Sweetpeachxo",
      "designation": "Vous devez être connecté pour voir ou télécharger l'archive."
    },
    {
      "name": "⭐Assdesas",
      "designation": "Vous devez être connecté pour voir ou télécharger l'archive."
    },
    {
      "name": "⭐Assna_Sexologue2",
      "designation": "Vous devez être connecté pour voir ou télécharger l'archive."
    },
    {
      "name": "⭐Astrid Nelsia",
      "designation": "Vous devez être connecté pour voir ou télécharger l'archive."
    },
    {
      "name": "⭐Audreyshanice",
      "designation": "Vous devez être connecté pour voir ou télécharger l'archive."
    },
    {
      "name": "⭐Aurelie Preston",
      "designation": "Vous devez être connecté pour voir ou télécharger l'archive."
    },
    {
      "name": "⭐Aureliegomes",
      "designation": "Vous devez être connecté pour voir ou télécharger l'archive."
    },
    {
      "name": "⭐Aline dessine",
      "designation": "Vous devez être connecté pour voir ou télécharger l'archive."
    },
    {
      "name": "⭐Avagrace",
      "designation": "Vous devez être connecté pour voir ou télécharger l'archive."
    },
    {
      "name": "⭐Avakoxxx",
      "designation": "Vous devez être connecté pour voir ou télécharger l'archive."
    },
    {
      "name": "⭐Ayemkiss",
      "designation": "Vous devez être connecté pour voir ou télécharger l'archive."
    },
    {
      "name": "⭐Azicora",
      "designation": "Vous devez être connecté pour voir ou télécharger l'archive."
    },
    {
      "name": "⭐Baaby Rose",
      "designation": "Vous devez être connecté pour voir ou télécharger l'archive."
    },
    {
      "name": "⭐Baby Lanna",
      "designation": "Vous devez être connecté pour voir ou télécharger l'archive."
    },
    {
      "name": "⭐Babybratzo",
      "designation": "Vous devez être connecté pour voir ou télécharger l'archive."
    },
    {
      "name": "⭐Babyline",
      "designation": "Vous devez être connecté pour voir ou télécharger l'archive."
    },
    {
      "name": "⭐Badgalanti",
      "designation": "Vous devez être connecté pour voir ou télécharger l'archive."
    },
    {
      "name": "⭐LoveelyLotuss",
      "designation": "Vous devez être connecté pour voir ou télécharger l'archive."
    },
    {
      "name": "⭐Bagdaad",
      "designation": "Vous devez être connecté pour voir ou télécharger l'archive."
    },
    {
      "name": "⭐Banditt",
      "designation": "Vous devez être connecté pour voir ou télécharger l'archive."
    },
    {
      "name": "⭐Beautyffa",
      "designation": "Vous devez être connecté pour voir ou télécharger l'archive."
    },
    {
      "name": "⭐Becuncensored",
      "designation": "Vous devez être connecté pour voir ou télécharger l'archive."
    },
    {
      "name": "⭐Beliassima",
      "designation": "Vous devez être connecté pour voir ou télécharger l'archive."
    },
    {
      "name": "⭐Bellatina",
      "designation": "Vous devez être connecté pour voir ou télécharger l'archive."
    },
    {
      "name": "⭐Belle Delphine",
      "designation": "Vous devez être connecté pour voir ou télécharger l'archive."
    },
    {
      "name": "⭐Belmooonte",
      "designation": "Vous devez être connecté pour voir ou télécharger l'archive."
    },
    {
      "name": "⭐Beska_Pvris",
      "designation": "Vous devez être connecté pour voir ou télécharger l'archive."
    },
    {
      "name": "⭐Betty_Boops_Up",
      "designation": "Vous devez être connecté pour voir ou télécharger l'archive."
    },
    {
      "name": "⭐Beurettemanal",
      "designation": "Vous devez être connecté pour voir ou télécharger l'archive."
    },
    {
      "name": "⭐Beurettewoye",
      "designation": "Vous devez être connecté pour voir ou télécharger l'archive."
    },
    {
      "name": "⭐Blondebombshell11",
      "designation": "Vous devez être connecté pour voir ou télécharger l'archive."
    },
    {
      "name": "⭐Blondie_02",
      "designation": "Vous devez être connecté pour voir ou télécharger l'archive."
    },
    {
      "name": "⭐Bossshanndy",
      "designation": "Vous devez être connecté pour voir ou télécharger l'archive."
    },
    {
      "name": "⭐Bree Louise",
      "designation": "Vous devez être connecté pour voir ou télécharger l'archive."
    },
    {
      "name": "⭐Brieaharm",
      "designation": "Vous devez être connecté pour voir ou télécharger l'archive."
    },
    {
      "name": "⭐Brookevitton",
      "designation": "Vous devez être connecté pour voir ou télécharger l'archive."
    },
    {
      "name": "⭐Bryci",
      "designation": "Vous devez être connecté pour voir ou télécharger l'archive."
    },
    {
      "name": "⭐Cactusqueen",
      "designation": "Vous devez être connecté pour voir ou télécharger l'archive."
    },
    {
      "name": "⭐Cadryana",
      "designation": "Vous devez être connecté pour voir ou télécharger l'archive."
    },
    {
      "name": "⭐Callmesherni",
      "designation": "Vous devez être connecté pour voir ou télécharger l'archive."
    },
    {
      "name": "⭐Canbebought",
      "designation": "Vous devez être connecté pour voir ou télécharger l'archive."
    },
    {
      "name": "⭐Caroline_Hannah",
      "designation": "Vous devez être connecté pour voir ou télécharger l'archive."
    },
    {
      "name": "⭐Caroline_Modele",
      "designation": "Vous devez être connecté pour voir ou télécharger l'archive."
    },
    {
      "name": "⭐Cassiedelisla",
      "designation": "Vous devez être connecté pour voir ou télécharger l'archive."
    },
    {
      "name": "⭐Chandraloretto",
      "designation": "Vous devez être connecté pour voir ou télécharger l'archive."
    },
    {
      "name": "⭐Chanechloe",
      "designation": "Vous devez être connecté pour voir ou télécharger l'archive."
    },
    {
      "name": "⭐Charlene_Mod",
      "designation": "Vous devez être connecté pour voir ou télécharger l'archive."
    },
    {
      "name": "⭐Chelseawilde",
      "designation": "Vous devez être connecté pour voir ou télécharger l'archive."
    },
    {
      "name": "⭐Chelxie",
      "designation": "Vous devez être connecté pour voir ou télécharger l'archive."
    },
    {
      "name": "⭐Cherryllini",
      "designation": "Vous devez être connecté pour voir ou télécharger l'archive."
    },
    {
      "name": "⭐Chiara_D",
      "designation": "Vous devez être connecté pour voir ou télécharger l'archive."
    },
    {
      "name": "⭐Chiaraaa",
      "designation": "Vous devez être connecté pour voir ou télécharger l'archive."
    },
    {
      "name": "⭐Chiarafit",
      "designation": "Vous devez être connecté pour voir ou télécharger l'archive."
    },
    {
      "name": "⭐Chloelopes",
      "designation": "Vous devez être connecté pour voir ou télécharger l'archive."
    },
    {
      "name": "⭐Chloé Sanchez",
      "designation": "Vous devez être connecté pour voir ou télécharger l'archive."
    },
    {
      "name": "⭐Claaa",
      "designation": "Vous devez être connecté pour voir ou télécharger l'archive."
    },
    {
      "name": "⭐Clairedelune22",
      "designation": "Vous devez être connecté pour voir ou télécharger l'archive."
    },
    {
      "name": "⭐Clara Fitgirl",
      "designation": "Vous devez être connecté pour voir ou télécharger l'archive."
    },
    {
      "name": "⭐Clara Morgane",
      "designation": "Vous devez être connecté pour voir ou télécharger l'archive."
    },
    {
      "name": "⭐Clariiisse",
      "designation": "Vous devez être connecté pour voir ou télécharger l'archive."
    },
    {
      "name": "⭐Claudianude",
      "designation": "Vous devez être connecté pour voir ou télécharger l'archive."
    },
    {
      "name": "⭐Cleagaultier",
      "designation": "Vous devez être connecté pour voir ou télécharger l'archive."
    },
    {
      "name": "⭐Clitoz",
      "designation": "Vous devez être connecté pour voir ou télécharger l'archive."
    },
    {
      "name": "⭐Cloexzs",
      "designation": "Vous devez être connecté pour voir ou télécharger l'archive."
    },
    {
      "name": "⭐Coconutkitty",
      "designation": "Vous devez être connecté pour voir ou télécharger l'archive."
    },
    {
      "name": "⭐Couplehotxxx",
      "designation": "Vous devez être connecté pour voir ou télécharger l'archive."
    },
    {
      "name": "⭐Creamyjuicy",
      "designation": "Vous devez être connecté pour voir ou télécharger l'archive."
    },
    {
      "name": "⭐Cristalrose",
      "designation": "Vous devez être connecté pour voir ou télécharger l'archive."
    },
    {
      "name": "⭐Angelsexy",
      "designation": "Vous devez être connecté pour voir ou télécharger l'archive."
    },
    {
      "name": "⭐Anissakate",
      "designation": "Vous devez être connecté pour voir ou télécharger l'archive."
    },
    {
      "name": "⭐AnnaPolinaxxxx",
      "designation": "Vous devez être connecté pour voir ou télécharger l'archive."
    },
    {
      "name": "⭐Annaxvip",
      "designation": "Vous devez être connecté pour voir ou télécharger l'archive."
    },
    {
      "name": "⭐Annie Grenson",
      "designation": "Vous devez être connecté pour voir ou télécharger l'archive."
    },
    {
      "name": "⭐Aprilvip",
      "designation": "Vous devez être connecté pour voir ou télécharger l'archive."
    },
    {
      "name": "⭐Jia Lissa",
      "designation": "Vous devez être connecté pour voir ou télécharger l'archive."
    },
    {
      "name": "⭐Aryella_Suicide",
      "designation": "Vous devez être connecté pour voir ou télécharger l'archive."
    },
    {
      "name": "⭐Ashkaash",
      "designation": "Vous devez être connecté pour voir ou télécharger l'archive."
    },
    {
      "name": "⭐Ashlay_Thomass",
      "designation": "Vous devez être connecté pour voir ou télécharger l'archive."
    },
    {
      "name": "⭐Ashleydanielle",
      "designation": "Vous devez être connecté pour voir ou télécharger l'archive."
    },
    {
      "name": "⭐Ashleytervort",
      "designation": "Vous devez être connecté pour voir ou télécharger l'archive."
    },
    {
      "name": "⭐Cyberstephanie",
      "designation": "Vous devez être connecté pour voir ou télécharger l'archive."
    },
    {
      "name": "⭐Dahyn",
      "designation": "Vous devez être connecté pour voir ou télécharger l'archive."
    },
    {
      "name": "⭐Daisykeech",
      "designation": "Vous devez être connecté pour voir ou télécharger l'archive."
    },
    {
      "name": "⭐Dali",
      "designation": "Vous devez être connecté pour voir ou télécharger l'archive."
    },
    {
      "name": "⭐Daniela",
      "designation": "Vous devez être connecté pour voir ou télécharger l'archive."
    },
    {
      "name": "⭐Danvice",
      "designation": "Vous devez être connecté pour voir ou télécharger l'archive."
    },
    {
      "name": "⭐Danyancat",
      "designation": "Vous devez être connecté pour voir ou télécharger l'archive."
    },
    {
      "name": "⭐Darkee",
      "designation": "Vous devez être connecté pour voir ou télécharger l'archive."
    },
    {
      "name": "⭐Demoiselle_Laura",
      "designation": "Vous devez être connecté pour voir ou télécharger l'archive."
    },
    {
      "name": "⭐Demonboy",
      "designation": "Vous devez être connecté pour voir ou télécharger l'archive."
    },
    {
      "name": "⭐Demontaste",
      "designation": "Vous devez être connecté pour voir ou télécharger l'archive."
    },
    {
      "name": "⭐Dia",
      "designation": "Vous devez être connecté pour voir ou télécharger l'archive."
    },
    {
      "name": "⭐Djulianapornstar",
      "designation": "Vous devez être connecté pour voir ou télécharger l'archive."
    },
    {
      "name": "⭐Dkarina",
      "designation": "Vous devez être connecté pour voir ou télécharger l'archive."
    },
    {
      "name": "⭐Dolceluna",
      "designation": "Vous devez être connecté pour voir ou télécharger l'archive."
    },
    {
      "name": "⭐Dolsiana",
      "designation": "Vous devez être connecté pour voir ou télécharger l'archive."
    },
    {
      "name": "⭐Doudoll",
      "designation": "Vous devez être connecté pour voir ou télécharger l'archive."
    },
    {
      "name": "⭐Dream_Angie",
      "designation": "Vous devez être connecté pour voir ou télécharger l'archive."
    },
    {
      "name": "⭐Dulcinea",
      "designation": "Vous devez être connecté pour voir ou télécharger l'archive."
    },
    {
      "name": "⭐Dybastos",
      "designation": "Vous devez être connecté pour voir ou télécharger l'archive."
    },
    {
      "name": "⭐Elenarose",
      "designation": "Vous devez être connecté pour voir ou télécharger l'archive."
    },
    {
      "name": "⭐Elenjoyy",
      "designation": "Vous devez être connecté pour voir ou télécharger l'archive."
    },
    {
      "name": "⭐Elibelgian",
      "designation": "Vous devez être connecté pour voir ou télécharger l'archive."
    },
    {
      "name": "⭐Elisadreams",
      "designation": "Vous devez être connecté pour voir ou télécharger l'archive."
    },
    {
      "name": "⭐Elizarosewatson",
      "designation": "Vous devez être connecté pour voir ou télécharger l'archive."
    },
    {
      "name": "⭐Elo_Licoorne",
      "designation": "Vous devez être connecté pour voir ou télécharger l'archive."
    },

    {
      "name": "⭐Elsajean",
      "designation": "Vous devez être connecté pour voir ou télécharger l'archive."
    },

    {
      "name": "⭐Elsao",
      "designation": "Vous devez être connecté pour voir ou télécharger l'archive."
    },
    {
      "name": "⭐Emelmarienaja",
      "designation": "Vous devez être connecté pour voir ou télécharger l'archive."
    },
    {
      "name": "⭐Emiiby",
      "designation": "Vous devez être connecté pour voir ou télécharger l'archive."
    },
    {
      "name": "⭐Emilie Bellule",
      "designation": "Vous devez être connecté pour voir ou télécharger l'archive."
    },
    {
      "name": "⭐Emilyblack",
      "designation": "Vous devez être connecté pour voir ou télécharger l'archive."
    },
    {
      "name": "⭐Emilyortiz",
      "designation": "Vous devez être connecté pour voir ou télécharger l'archive."
    },
    {
      "name": "⭐Emilywillis",
      "designation": "Vous devez être connecté pour voir ou télécharger l'archive."
    },
    {
      "name": "⭐Emmaa_Fit",
      "designation": "Vous devez être connecté pour voir ou télécharger l'archive."
    },
    {
      "name": "⭐Emmacakeup",
      "designation": "Vous devez être connecté pour voir ou télécharger l'archive."
    },
    {
      "name": "⭐Emmakotos",
      "designation": "Vous devez être connecté pour voir ou télécharger l'archive."
    },
    {
      "name": "⭐Emmalvxx",
      "designation": "Vous devez être connecté pour voir ou télécharger l'archive."
    },
    {
      "name": "⭐Emmazing",
      "designation": "Vous devez être connecté pour voir ou télécharger l'archive."
    },
    {
      "name": "⭐Encorps",
      "designation": "Vous devez être connecté pour voir ou télécharger l'archive."
    },

    {
      "name": "⭐Eva Prevost",
      "designation": "Vous devez être connecté pour voir ou télécharger l'archive."
    },
    {
      "name": "⭐Evaelfie",
      "designation": "Vous devez être connecté pour voir ou télécharger l'archive."
    },
    {
      "name": "⭐Evalovia",
      "designation": "Vous devez être connecté pour voir ou télécharger l'archive."
    },
    {
      "name": "⭐Evamarie",
      "designation": "Vous devez être connecté pour voir ou télécharger l'archive."
    },
    {
      "name": "⭐Evy_Melaa",
      "designation": "Vous devez être connecté pour voir ou télécharger l'archive."
    },
    {
      "name": "⭐Falones",
      "designation": "Vous devez être connecté pour voir ou télécharger l'archive."
    },
    {
      "name": "⭐Farahbenz",
      "designation": "Vous devez être connecté pour voir ou télécharger l'archive."
    },
    {
      "name": "⭐Flaviecherry",
      "designation": "Vous devez être connecté pour voir ou télécharger l'archive."
    },
    {
      "name": "⭐Fleur Vanille",
      "designation": "Vous devez être connecté pour voir ou télécharger l'archive."
    },
    {
      "name": "⭐Foxi",
      "designation": "Vous devez être connecté pour voir ou télécharger l'archive."
    },
    {
      "name": "⭐Freakita",
      "designation": "Vous devez être connecté pour voir ou télécharger l'archive."
    },
    {
      "name": "⭐Frenchrapqueen",
      "designation": "Vous devez être connecté pour voir ou télécharger l'archive."
    },
    {
      "name": "⭐Gabrielhandly",
      "designation": "Vous devez être connecté pour voir ou télécharger l'archive."
    },
    {
      "name": "⭐Gemma",
      "designation": "Vous devez être connecté pour voir ou télécharger l'archive."
    },
    {
      "name": "⭐Giuseppa",
      "designation": "Vous devez être connecté pour voir ou télécharger l'archive."
    },
    {
      "name": "⭐Gnrhalima",
      "designation": "Vous devez être connecté pour voir ou télécharger l'archive."
    },
    {
      "name": "⭐Goddessangelina",
      "designation": "Vous devez être connecté pour voir ou télécharger l'archive."
    },
    {
      "name": "⭐Goomizzle",
      "designation": "Vous devez être connecté pour voir ou télécharger l'archive."
    },
    {
      "name": "⭐Gusss",
      "designation": "Vous devez être connecté pour voir ou télécharger l'archive."
    },
    {
      "name": "⭐Haileyqueen",
      "designation": "Vous devez être connecté pour voir ou télécharger l'archive."
    },
    {
      "name": "⭐Halimux",
      "designation": "Vous devez être connecté pour voir ou télécharger l'archive."
    },
    {
      "name": "⭐Happyshyness",
      "designation": "Vous devez être connecté pour voir ou télécharger l'archive."
    },
    {
      "name": "⭐Hawk",
      "designation": "Vous devez être connecté pour voir ou télécharger l'archive."
    },
    {
      "name": "⭐HayMartin",
      "designation": "Vous devez être connecté pour voir ou télécharger l'archive."
    },
    {
      "name": "⭐Heidigrey",
      "designation": "Vous devez être connecté pour voir ou télécharger l'archive."
    },
    {
      "name": "⭐Heidiromanova",
      "designation": "Vous devez être connecté pour voir ou télécharger l'archive."
    },
    {
      "name": "⭐Helenearies",
      "designation": "Vous devez être connecté pour voir ou télécharger l'archive."
    },

    {
      "name": "⭐Hippinup",
      "designation": "Vous devez être connecté pour voir ou télécharger l'archive."
    },
    {
      "name": "⭐Hornyhiking",
      "designation": "Vous devez être connecté pour voir ou télécharger l'archive."
    },
    {
      "name": "⭐Hotandsexyy",
      "designation": "Vous devez être connecté pour voir ou télécharger l'archive."
    },
    {
      "name": "⭐Hxophotographe",
      "designation": "Vous devez être connecté pour voir ou télécharger l'archive."
    },
    {
      "name": "⭐Hyliafawkes",
      "designation": "Vous devez être connecté pour voir ou télécharger l'archive."
    },
    {
      "name": "⭐Iam_Alexia",
      "designation": "Vous devez être connecté pour voir ou télécharger l'archive."
    },
    {
      "name": "⭐Iam_Lo",
      "designation": "Vous devez être connecté pour voir ou télécharger l'archive."
    },
    {
      "name": "⭐Iamantheadoll",
      "designation": "Vous devez être connecté pour voir ou télécharger l'archive."
    },
    {
      "name": "⭐Iamlinae",
      "designation": "Vous devez être connecté pour voir ou télécharger l'archive."
    },
    {
      "name": "⭐Iamnala",
      "designation": "Vous devez être connecté pour voir ou télécharger l'archive."
    },
    {
      "name": "⭐Iamsophie",
      "designation": "Vous devez être connecté pour voir ou télécharger l'archive."
    },
    {
      "name": "⭐Igorsmirnoff",
      "designation": "Vous devez être connecté pour voir ou télécharger l'archive."
    },
    {
      "name": "⭐Imperatricejelena",
      "designation": "Vous devez être connecté pour voir ou télécharger l'archive."
    },
    {
      "name": "⭐Ines",
      "designation": "Vous devez être connecté pour voir ou télécharger l'archive."
    },
    {
      "name": "⭐Inesprdt",
      "designation": "Vous devez être connecté pour voir ou télécharger l'archive."
    },
    {
      "name": "⭐Inkhub",
      "designation": "Vous devez être connecté pour voir ou télécharger l'archive."
    },
    {
      "name": "⭐Isabeau",
      "designation": "Vous devez être connecté pour voir ou télécharger l'archive."
    },

    {
      "name": "⭐Italia_Titi",
      "designation": "Vous devez être connecté pour voir ou télécharger l'archive."
    },
    {
      "name": "⭐Italiiiana",
      "designation": "Vous devez être connecté pour voir ou télécharger l'archive."
    },
    {
      "name": "⭐Its Leana",
      "designation": "Vous devez être connecté pour voir ou télécharger l'archive."
    },
    {
      "name": "⭐Itsanabdmy",
      "designation": "Vous devez être connecté pour voir ou télécharger l'archive."
    },
    {
      "name": "⭐Ivoneta",
      "designation": "Vous devez être connecté pour voir ou télécharger l'archive."
    },

    {
      "name": "⭐Jade_Cve",
      "designation": "Vous devez être connecté pour voir ou télécharger l'archive."
    },
    {
      "name": "⭐Jadou",
      "designation": "Vous devez être connecté pour voir ou télécharger l'archive."
    },
    {
      "name": "⭐Jasminedolls",
      "designation": "Vous devez être connecté pour voir ou télécharger l'archive."
    },
    {
      "name": "⭐Jasminemodel",
      "designation": "Vous devez être connecté pour voir ou télécharger l'archive."
    },
    {
      "name": "⭐Jayleenxxx",
      "designation": "Vous devez être connecté pour voir ou télécharger l'archive."
    },
    {
      "name": "⭐Jelena Dukic",
      "designation": "Vous devez être connecté pour voir ou télécharger l'archive."
    },
    {
      "name": "⭐Jen_Prr",
      "designation": "Vous devez être connecté pour voir ou télécharger l'archive."
    },
    {
      "name": "⭐Jenbrett",
      "designation": "Vous devez être connecté pour voir ou télécharger l'archive."
    },
    {
      "name": "⭐Jennifer18",
      "designation": "Vous devez être connecté pour voir ou télécharger l'archive."
    },
    {
      "name": "⭐Jennifer_Glrs",
      "designation": "Vous devez être connecté pour voir ou télécharger l'archive."
    },
    {
      "name": "⭐Jenny_Tlse",
      "designation": "Vous devez être connecté pour voir ou télécharger l'archive."
    },
    {
      "name": "⭐Jennysecrets",
      "designation": "Vous devez être connecté pour voir ou télécharger l'archive."
    },
    {
      "name": "⭐Jessy Jess",
      "designation": "Vous devez être connecté pour voir ou télécharger l'archive."
    },

    {
      "name": "⭐Joyfrj",
      "designation": "Vous devez être connecté pour voir ou télécharger l'archive."
    },
    {
      "name": "⭐Julianeyu",
      "designation": "Vous devez être connecté pour voir ou télécharger l'archive."
    },
    {
      "name": "⭐Julietuyo",
      "designation": "Vous devez être connecté pour voir ou télécharger l'archive."
    },
    {
      "name": "⭐K_Lamadree",
      "designation": "Vous devez être connecté pour voir ou télécharger l'archive."
    },
    {
      "name": "⭐Kaakou",
      "designation": "Vous devez être connecté pour voir ou télécharger l'archive."
    },
    {
      "name": "⭐Kaguya",
      "designation": "Vous devez être connecté pour voir ou télécharger l'archive."
    },
    {
      "name": "⭐Kahina",
      "designation": "Vous devez être connecté pour voir ou télécharger l'archive."
    },
    {
      "name": "⭐Kalayna_Prv",
      "designation": "Vous devez être connecté pour voir ou télécharger l'archive."
    },
    {
      "name": "⭐Kamados",
      "designation": "Vous devez être connecté pour voir ou télécharger l'archive."
    },

    {
      "name": "⭐Karlimergenthaler",
      "designation": "Vous devez être connecté pour voir ou télécharger l'archive."
    },
    {
      "name": "⭐Katekurra",
      "designation": "Vous devez être connecté pour voir ou télécharger l'archive."
    },
    {
      "name": "⭐Katiana",
      "designation": "Vous devez être connecté pour voir ou télécharger l'archive."
    },
    {
      "name": "⭐Kaynna_Fit",
      "designation": "Vous devez être connecté pour voir ou télécharger l'archive."
    },
    {
      "name": "⭐Keirameow",
      "designation": "Vous devez être connecté pour voir ou télécharger l'archive."
    },
    {
      "name": "⭐Khleo",
      "designation": "Vous devez être connecté pour voir ou télécharger l'archive."
    },
    {
      "name": "⭐Khloemodele",
      "designation": "Vous devez être connecté pour voir ou télécharger l'archive."
    },
    {
      "name": "⭐Kiiara",
      "designation": "Vous devez être connecté pour voir ou télécharger l'archive."
    },
    {
      "name": "⭐Killgk",
      "designation": "Vous devez être connecté pour voir ou télécharger l'archive."
    },

    {
      "name": "⭐Kinahaya",
      "designation": "Vous devez être connecté pour voir ou télécharger l'archive."
    },
    {
      "name": "⭐Kristenhancher",
      "designation": "Vous devez être connecté pour voir ou télécharger l'archive."
    },
    {
      "name": "⭐Krokodeallll",
      "designation": "Vous devez être connecté pour voir ou télécharger l'archive."
    },

    {
      "name": "⭐Lacolombiannaa",
      "designation": "Vous devez être connecté pour voir ou télécharger l'archive."
    },

    {
      "name": "⭐Lana Malkova",
      "designation": "Vous devez être connecté pour voir ou télécharger l'archive."
    },
    {
      "name": "⭐Lana Rhoades",
      "designation": "Vous devez être connecté pour voir ou télécharger l'archive."
    },
    {
      "name": "⭐Latinaxx_Off",
      "designation": "Vous devez être connecté pour voir ou télécharger l'archive."
    },
    {
      "name": "⭐Lauladeparis",
      "designation": "Vous devez être connecté pour voir ou télécharger l'archive."
    },
    {
      "name": "⭐Laurab974",
      "designation": "Vous devez être connecté pour voir ou télécharger l'archive."
    },
    {
      "name": "⭐Lauragiraudi",
      "designation": "Vous devez être connecté pour voir ou télécharger l'archive."
    },
    {
      "name": "⭐Laurenalexis",
      "designation": "Vous devez être connecté pour voir ou télécharger l'archive."
    },
    {
      "name": "⭐Laureneh",
      "designation": "Vous devez être connecté pour voir ou télécharger l'archive."
    },
    {
      "name": "⭐Laurenwalker",
      "designation": "Vous devez être connecté pour voir ou télécharger l'archive."
    },
    {
      "name": "⭐Laurenxburch",
      "designation": "Vous devez être connecté pour voir ou télécharger l'archive."
    },
    {
      "name": "⭐Lauriane Kch",
      "designation": "Vous devez être connecté pour voir ou télécharger l'archive."
    },
    {
      "name": "⭐Laurianne_Flt",
      "designation": "Vous devez être connecté pour voir ou télécharger l'archive."
    },
    {
      "name": "⭐Laurine09",
      "designation": "Vous devez être connecté pour voir ou télécharger l'archive."
    },
    {
      "name": "⭐Lavaxgrll",
      "designation": "Vous devez être connecté pour voir ou télécharger l'archive."
    },
    {
      "name": "⭐Layafeet",
      "designation": "Vous devez être connecté pour voir ou télécharger l'archive."
    },
    {
      "name": "⭐Leaqueenfeet",
      "designation": "Vous devez être connecté pour voir ou télécharger l'archive."
    },
    {
      "name": "⭐Lespi05",
      "designation": "Vous devez être connecté pour voir ou télécharger l'archive."
    },
    {
      "name": "⭐Lexigriswold",
      "designation": "Vous devez être connecté pour voir ou télécharger l'archive."
    },
    {
      "name": "⭐Lemon",
      "designation": "Vous devez être connecté pour voir ou télécharger l'archive."
    },
    {
      "name": "⭐Leyadforum",
      "designation": "Vous devez être connecté pour voir ou télécharger l'archive."
    },
    {
      "name": "⭐Leylak",
      "designation": "Vous devez être connecté pour voir ou télécharger l'archive."
    },
    {
      "name": "⭐Lia_Spicy_",
      "designation": "Vous devez être connecté pour voir ou télécharger l'archive."
    },
    {
      "name": "⭐Lila_Bella",
      "designation": "Vous devez être connecté pour voir ou télécharger l'archive."
    },
    {
      "name": "⭐Lilymymi",
      "designation": "Vous devez être connecté pour voir ou télécharger l'archive."
    },
    {
      "name": "⭐Lisa_Paris",
      "designation": "Vous devez être connecté pour voir ou télécharger l'archive."
    },
    {
      "name": "⭐Lisa_Platin",
      "designation": "Vous devez être connecté pour voir ou télécharger l'archive."
    },
    {
      "name": "⭐Lisaamelk",
      "designation": "Vous devez être connecté pour voir ou télécharger l'archive."
    },
    {
      "name": "⭐Littleleahxo",
      "designation": "Vous devez être connecté pour voir ou télécharger l'archive."
    },
    
    
    {
      "name": "⭐Lola Bunny",
      "designation": "Vous devez être connecté pour voir ou télécharger l'archive."
    },
    {
      "name": "⭐Lolalouna",
      "designation": "Vous devez être connecté pour voir ou télécharger l'archive."
    },
    {
      "name": "⭐Lolamajona",
      "designation": "Vous devez être connecté pour voir ou télécharger l'archive."
    },
    {
      "name": "⭐Loline",
      "designation": "Vous devez être connecté pour voir ou télécharger l'archive."
    },
    {
      "name": "⭐Lolipopzk_",
      "designation": "Vous devez être connecté pour voir ou télécharger l'archive."
    },
    {
      "name": "⭐Lomsa",
      "designation": "Vous devez être connecté pour voir ou télécharger l'archive."
    },
    {
      "name": "⭐Lornaps",
      "designation": "Vous devez être connecté pour voir ou télécharger l'archive."
    },
    {
      "name": "⭐Love_Lilah",
      "designation": "Vous devez être connecté pour voir ou télécharger l'archive."
    },
    {
      "name": "⭐Ludmylla_M",
      "designation": "Vous devez être connecté pour voir ou télécharger l'archive."
    },
    {
      "name": "⭐Luxuryysana",
      "designation": "Vous devez être connecté pour voir ou télécharger l'archive."
    },
    {
      "name": "⭐Lysandre Nadeau",
      "designation": "Vous devez être connecté pour voir ou télécharger l'archive."
    },
    {
      "name": "⭐Macadamia",
      "designation": "Vous devez être connecté pour voir ou télécharger l'archive."
    },
    {
      "name": "⭐Mackzjones",
      "designation": "Vous devez être connecté pour voir ou télécharger l'archive."
    },
    {
      "name": "⭐Mademx",
      "designation": "Vous devez être connecté pour voir ou télécharger l'archive."
    },
    {
      "name": "⭐Maeva_Mym",
      "designation": "Vous devez être connecté pour voir ou télécharger l'archive."
    },
    {
      "name": "⭐Maevaa_Sinaloa",
      "designation": "Vous devez être connecté pour voir ou télécharger l'archive."
    },
    {
      "name": "⭐Maharani",
      "designation": "Vous devez être connecté pour voir ou télécharger l'archive."
    },
    {
      "name": "⭐Mandarine Corleone  ",
      "designation": "Vous devez être connecté pour voir ou télécharger l'archive."
    },
    {
      "name": "⭐Mandy_Feather",
      "designation": "Vous devez être connecté pour voir ou télécharger l'archive."
    },
    {
      "name": "⭐Manelia",
      "designation": "Vous devez être connecté pour voir ou télécharger l'archive."
    },
    {
      "name": "⭐Manonfraissange",
      "designation": "Vous devez être connecté pour voir ou télécharger l'archive."
    },
    {
      "name": "⭐Manoonmiissiieux",
      "designation": "Vous devez être connecté pour voir ou télécharger l'archive."
    },
    {
      "name": "⭐Manouchka",
      "designation": "Vous devez être connecté pour voir ou télécharger l'archive."
    },
    {
      "name": "⭐Mariecamille",
      "designation": "Vous devez être connecté pour voir ou télécharger l'archive."
    },
    {
      "name": "⭐Mariedewilde",
      "designation": "Vous devez être connecté pour voir ou télécharger l'archive."
    },
    {
      "name": "⭐Marieplaymate",
      "designation": "Vous devez être connecté pour voir ou télécharger l'archive."
    },

    {
      "name": "⭐Marinasmilehappiness",
      "designation": "Vous devez être connecté pour voir ou télécharger l'archive."
    },
    {
      "name": "⭐Marine Lhimer",
      "designation": "Vous devez être connecté pour voir ou télécharger l'archive."
    },
    {
      "name": "⭐Marinesvlln",
      "designation": "Vous devez être connecté pour voir ou télécharger l'archive."
    },
    {
      "name": "⭐Mathilde Tantot",
      "designation": "Vous devez être connecté pour voir ou télécharger l'archive."
    },

    {
      "name": "⭐Mathildemth",
      "designation": "Vous devez être connecté pour voir ou télécharger l'archive."
    },
    {
      "name": "⭐Maulhira",
      "designation": "Vous devez être connecté pour voir ou télécharger l'archive."
    },
    {
      "name": "⭐Maypale",
      "designation": "Vous devez être connecté pour voir ou télécharger l'archive."
    },
    {
      "name": "⭐Medusaa",
      "designation": "Vous devez être connecté pour voir ou télécharger l'archive."
    },
    {
      "name": "⭐Medusaphrodite",
      "designation": "Vous devez être connecté pour voir ou télécharger l'archive."
    },
    {
      "name": "⭐Megamui",
      "designation": "Vous devez être connecté pour voir ou télécharger l'archive."
    },
    {
      "name": "⭐Melanightt",
      "designation": "Vous devez être connecté pour voir ou télécharger l'archive."
    },
    {
      "name": "⭐Melibonni",
      "designation": "Vous devez être connecté pour voir ou télécharger l'archive."
    },

    {
      "name": "⭐Melodyperez",
      "designation": "Vous devez être connecté pour voir ou télécharger l'archive."
    },
    {
      "name": "⭐Mercuride",
      "designation": "Vous devez être connecté pour voir ou télécharger l'archive."
    },

    {
      "name": "⭐Metisselene",
      "designation": "Vous devez être connecté pour voir ou télécharger l'archive."
    },
    {
      "name": "⭐Mia Apple",
      "designation": "Vous devez être connecté pour voir ou télécharger l'archive."
    },
    {
      "name": "⭐Miafrancis",
      "designation": "Vous devez être connecté pour voir ou télécharger l'archive."
    },
    {
      "name": "⭐Miakhalifa",
      "designation": "Vous devez être connecté pour voir ou télécharger l'archive."
    },
    {
      "name": "⭐Miatess",
      "designation": "Vous devez être connecté pour voir ou télécharger l'archive."
    },
    {
      "name": "⭐Miiana_Model",
      "designation": "Vous devez être connecté pour voir ou télécharger l'archive."
    },

    {
      "name": "⭐Mimire__",
      "designation": "Vous devez être connecté pour voir ou télécharger l'archive."
    },
    {
      "name": "⭐Minatokai",
      "designation": "Vous devez être connecté pour voir ou télécharger l'archive."
    },
    {
      "name": "⭐Miss_Amal",
      "designation": "Vous devez être connecté pour voir ou télécharger l'archive."
    },
    {
      "name": "⭐Missgrey",
      "designation": "Vous devez être connecté pour voir ou télécharger l'archive."
    },
    {
      "name": "⭐Missjuliesx",
      "designation": "Vous devez être connecté pour voir ou télécharger l'archive."
    },
    {
      "name": "⭐Mllechloe",
      "designation": "Vous devez être connecté pour voir ou télécharger l'archive."
    },
    {
      "name": "⭐Mllelombardo",
      "designation": "Vous devez être connecté pour voir ou télécharger l'archive."
    },
    {
      "name": "⭐Mlletutu",
      "designation": "Vous devez être connecté pour voir ou télécharger l'archive."
    },
    {
      "name": "⭐Mnvsia",
      "designation": "Vous devez être connecté pour voir ou télécharger l'archive."
    },
    {
      "name": "⭐Mollyeskam",
      "designation": "Vous devez être connecté pour voir ou télécharger l'archive."
    },
    {
      "name": "⭐Monicadabrazil",
      "designation": "Vous devez être connecté pour voir ou télécharger l'archive."
    },
    {
      "name": "⭐Monicamendes",
      "designation": "Vous devez être connecté pour voir ou télécharger l'archive."
    },
    {
      "name": "⭐Moonfox",
      "designation": "Vous devez être connecté pour voir ou télécharger l'archive."
    },
    {
      "name": "⭐Moremolly",
      "designation": "Vous devez être connecté pour voir ou télécharger l'archive."
    },
    {
      "name": "⭐Mrfrenchcouple",
      "designation": "Vous devez être connecté pour voir ou télécharger l'archive."
    },
    {
      "name": "⭐Mrsandmr_Fit",
      "designation": "Vous devez être connecté pour voir ou télécharger l'archive."
    },
    {
      "name": "⭐Mrsboogeyman",
      "designation": "Vous devez être connecté pour voir ou télécharger l'archive."
    },
    {
      "name": "⭐Mrmrsb13",
      "designation": "Vous devez être connecté pour voir ou télécharger l'archive."
    },
    {
      "name": "⭐Mstd",
      "designation": "Vous devez être connecté pour voir ou télécharger l'archive."
    },
    {
      "name": "⭐Mxthildemth",
      "designation": "Vous devez être connecté pour voir ou télécharger l'archive."
    },
    {
      "name": "⭐Mylenajohnsonx",
      "designation": "Vous devez être connecté pour voir ou télécharger l'archive."
    },
    {
      "name": "⭐Nalacherry",
      "designation": "Vous devez être connecté pour voir ou télécharger l'archive."
    },
    {
      "name": "⭐Nastatia",
      "designation": "Vous devez être connecté pour voir ou télécharger l'archive."
    },
    {
      "name": "⭐Natalia Monet",
      "designation": "Vous devez être connecté pour voir ou télécharger l'archive."
    },

    {
      "name": "⭐Nawtybynature",
      "designation": "Vous devez être connecté pour voir ou télécharger l'archive."
    },
    {
      "name": "⭐Nessie",
      "designation": "Vous devez être connecté pour voir ou télécharger l'archive."
    },
    {
      "name": "⭐Nikita Bellucci",
      "designation": "Vous devez être connecté pour voir ou télécharger l'archive."
    },
    {
      "name": "⭐Nikumikyo",
      "designation": "Vous devez être connecté pour voir ou télécharger l'archive."
    },
    {
      "name": "⭐Ninaax",
      "designation": "Vous devez être connecté pour voir ou télécharger l'archive."
    },
    {
      "name": "⭐Ninaparis",
      "designation": "Vous devez être connecté pour voir ou télécharger l'archive."
    },
    {
      "name": "⭐Noemie Dufresne",
      "designation": "Vous devez être connecté pour voir ou télécharger l'archive."
    },
    {
      "name": "⭐Nursh",
      "designation": "Vous devez être connecté pour voir ou télécharger l'archive."
    },
    {
      "name": "⭐Nuyjr",
      "designation": "Vous devez être connecté pour voir ou télécharger l'archive."
    },
    {
      "name": "⭐Miss_pacifik",
      "designation": "Vous devez être connecté pour voir ou télécharger l'archive."
    },
    {
      "name": "⭐Oliviafrenchfeet",
      "designation": "Vous devez être connecté pour voir ou télécharger l'archive."
    },
    {
      "name": "⭐Oliviaz Secrets",
      "designation": "Vous devez être connecté pour voir ou télécharger l'archive."
    },
    {
      "name": "⭐Onnawi",
      "designation": "Vous devez être connecté pour voir ou télécharger l'archive."
    },
    {
      "name": "⭐Ophelieee_",
      "designation": "Vous devez être connecté pour voir ou télécharger l'archive."
    },
    {
      "name": "⭐Parisvipervip",
      "designation": "Vous devez être connecté pour voir ou télécharger l'archive."
    },
    {
      "name": "⭐Paulakandinsky",
      "designation": "Vous devez être connecté pour voir ou télécharger l'archive."
    },
    {
      "name": "⭐Pauliinefit",
      "designation": "Vous devez être connecté pour voir ou télécharger l'archive."
    },
    {
      "name": "⭐Peachy_Dot",
      "designation": "Vous devez être connecté pour voir ou télécharger l'archive."
    },
    {
      "name": "⭐Pengaliprincess",
      "designation": "Vous devez être connecté pour voir ou télécharger l'archive."
    },
    {
      "name": "⭐Pennypetite",
      "designation": "Vous devez être connecté pour voir ou télécharger l'archive."
    },
    {
      "name": "⭐Phyphy__",
      "designation": "Vous devez être connecté pour voir ou télécharger l'archive."
    },
    {
      "name": "⭐Pinkmilk",
      "designation": "Vous devez être connecté pour voir ou télécharger l'archive."
    },
    {
      "name": "⭐Pocahontass_",
      "designation": "Vous devez être connecté pour voir ou télécharger l'archive."
    },
    {
      "name": "⭐Pauline Tantot",
      "designation": "Vous devez être connecté pour voir ou télécharger l'archive."
    },
    {
      "name": "⭐Princessesd_Va",
      "designation": "Vous devez être connecté pour voir ou télécharger l'archive."
    },

    {
      "name": "⭐Princia_G",
      "designation": "Vous devez être connecté pour voir ou télécharger l'archive."
    },
    {
      "name": "⭐Priscabzh",
      "designation": "Vous devez être connecté pour voir ou télécharger l'archive."
    },

    {
      "name": "⭐Xoxoprune",
      "designation": "Vous devez être connecté pour voir ou télécharger l'archive."
    },

    {
      "name": "⭐Purplebitch",
      "designation": "Vous devez être connecté pour voir ou télécharger l'archive."
    },
    {
      "name": "⭐Realsindyday",
      "designation": "Vous devez être connecté pour voir ou télécharger l'archive."
    },
    {
      "name": "⭐Rebebou",
      "designation": "Vous devez être connecté pour voir ou télécharger l'archive."
    },
    {
      "name": "⭐Redsparrow",
      "designation": "Vous devez être connecté pour voir ou télécharger l'archive."
    },
    {
      "name": "⭐Redsweetpeppers",
      "designation": "Vous devez être connecté pour voir ou télécharger l'archive."
    },
    {
      "name": "⭐Rosalie",
      "designation": "Vous devez être connecté pour voir ou télécharger l'archive."
    },

    {
      "name": "⭐Sabrinakaate",
      "designation": "Vous devez être connecté pour voir ou télécharger l'archive."
    },
    {
      "name": "⭐Saintemarnie",
      "designation": "Vous devez être connecté pour voir ou télécharger l'archive."
    },
    {
      "name": "⭐Salyshadenitzag",
      "designation": "Vous devez être connecté pour voir ou télécharger l'archive."
    },
    {
      "name": "⭐Sannah Beurette",
      "designation": "Vous devez être connecté pour voir ou télécharger l'archive."
    },
    {
      "name": "⭐Santaparadis",
      "designation": "Vous devez être connecté pour voir ou télécharger l'archive."
    },
    {
      "name": "⭐Sarahcoulomb",
      "designation": "Vous devez être connecté pour voir ou télécharger l'archive."
    },
    {
      "name": "⭐Sarah06Esh",
      "designation": "Vous devez être connecté pour voir ou télécharger l'archive."
    },
    {
      "name": "⭐Sarahmt",
      "designation": "Vous devez être connecté pour voir ou télécharger l'archive."
    },
    {
      "name": "⭐Sneakysav",
      "designation": "Vous devez être connecté pour voir ou télécharger l'archive."
    },
    {
      "name": "⭐Senoritababyyy",
      "designation": "Vous devez être connecté pour voir ou télécharger l'archive."
    },
    {
      "name": "⭐Sensual_Elisa ",
      "designation": "Vous devez être connecté pour voir ou télécharger l'archive."
    },
    {
      "name": "⭐Sexyblackgirl",
      "designation": "Vous devez être connecté pour voir ou télécharger l'archive."
    },
    {
      "name": "⭐Shamallow",
      "designation": "Vous devez être connecté pour voir ou télécharger l'archive."
    },
    {
      "name": "⭐Shanice",
      "designation": "Vous devez être connecté pour voir ou télécharger l'archive."
    },
    {
      "name": "⭐Shaolin",
      "designation": "Vous devez être connecté pour voir ou télécharger l'archive."
    },
    {
      "name": "⭐Shay_Dinero",
      "designation": "Vous devez être connecté pour voir ou télécharger l'archive."
    },
    {
      "name": "⭐Shayyyci",
      "designation": "Vous devez être connecté pour voir ou télécharger l'archive."
    },
    {
      "name": "⭐Shaitanx",
      "designation": "Vous devez être connecté pour voir ou télécharger l'archive."
    },
    {
      "name": "⭐Sherabza",
      "designation": "Vous devez être connecté pour voir ou télécharger l'archive."
    },
    {
      "name": "⭐Sherranessia",
      "designation": "Vous devez être connecté pour voir ou télécharger l'archive."
    },
    {
      "name": "⭐Sicksadist",
      "designation": "Vous devez être connecté pour voir ou télécharger l'archive."
    },
    {
      "name": "⭐Sihemxxx",
      "designation": "Vous devez être connecté pour voir ou télécharger l'archive."
    },
    {
      "name": "⭐Simamacita",
      "designation": "Vous devez être connecté pour voir ou télécharger l'archive."
    },
    {
      "name": "⭐Skylarmaexo",
      "designation": "Vous devez être connecté pour voir ou télécharger l'archive."
    },
    {
      "name": "⭐Sliouimanon",
      "designation": "Vous devez être connecté pour voir ou télécharger l'archive."
    },
    {
      "name": "⭐Socurly",
      "designation": "Vous devez être connecté pour voir ou télécharger l'archive."
    },
    {
      "name": "⭐Sofiaadream",
      "designation": "Vous devez être connecté pour voir ou télécharger l'archive."
    },
    {
      "name": "⭐Sohotpussy",
      "designation": "Vous devez être connecté pour voir ou télécharger l'archive."
    },
    {
      "name": "⭐Sonyneiva",
      "designation": "Vous devez être connecté pour voir ou télécharger l'archive."
    },
    {
      "name": "⭐Sophlastar",
      "designation": "Vous devez être connecté pour voir ou télécharger l'archive."
    },
    {
      "name": "⭐Sora Yariffy",
      "designation": "Vous devez être connecté pour voir ou télécharger l'archive."
    },
    {
      "name": "⭐Stellabrooks",
      "designation": "Vous devez être connecté pour voir ou télécharger l'archive."
    },
    {
      "name": "⭐Sunnyray",
      "designation": "Vous devez être connecté pour voir ou télécharger l'archive."
    },
    {
      "name": "⭐Swanadolce",
      "designation": "Vous devez être connecté pour voir ou télécharger l'archive."
    },
    {
      "name": "⭐Tanamongeau",
      "designation": "Vous devez être connecté pour voir ou télécharger l'archive."
    },
    {
      "name": "⭐Tarababcock",
      "designation": "Vous devez être connecté pour voir ou télécharger l'archive."
    },
    {
      "name": "⭐Tatjanavolks",
      "designation": "Vous devez être connecté pour voir ou télécharger l'archive."
    },
    {
      "name": "⭐Telmaxlouise",
      "designation": "Vous devez être connecté pour voir ou télécharger l'archive."
    },
    {
      "name": "⭐Tenderbite",
      "designation": "Vous devez être connecté pour voir ou télécharger l'archive."
    },
    {
      "name": "⭐Tessabody",
      "designation": "Vous devez être connecté pour voir ou télécharger l'archive."
    },

    {
      "name": "⭐Thais_Perreira",
      "designation": "Vous devez être connecté pour voir ou télécharger l'archive."
    },
    {
      "name": "⭐Theconnelltwins",
      "designation": "Vous devez être connecté pour voir ou télécharger l'archive."
    },
    {
      "name": "⭐Thedanii",
      "designation": "Vous devez être connecté pour voir ou télécharger l'archive."
    },
    {
      "name": "⭐Thundergirl",
      "designation": "Vous devez être connecté pour voir ou télécharger l'archive."
    },
    {
      "name": "⭐Thynalea",
      "designation": "Vous devez être connecté pour voir ou télécharger l'archive."
    },
    {
      "name": "⭐Tiffanyana",
      "designation": "Vous devez être connecté pour voir ou télécharger l'archive."
    },
    {
      "name": "⭐Tiffanyleiddi",
      "designation": "Vous devez être connecté pour voir ou télécharger l'archive."
    },
    {
      "name": "⭐Tiny_Chipie",
      "designation": "Vous devez être connecté pour voir ou télécharger l'archive."
    },
    {
      "name": "⭐Tootatis",
      "designation": "Vous devez être connecté pour voir ou télécharger l'archive."
    },
    {
      "name": "⭐Travellingboobs",
      "designation": "Vous devez être connecté pour voir ou télécharger l'archive."
    },
    {
      "name": "⭐Unecarosportive",
      "designation": "Vous devez être connecté pour voir ou télécharger l'archive."
    },

    {
      "name": "⭐Valentinanappi",
      "designation": "Vous devez être connecté pour voir ou télécharger l'archive."
    },
    {
      "name": "⭐Vanessa Lawrens",
      "designation": "Vous devez être connecté pour voir ou télécharger l'archive."
    },
    {
      "name": "⭐Venusbleue_",
      "designation": "Vous devez être connecté pour voir ou télécharger l'archive."
    },
    {
      "name": "⭐Veryybaad",
      "designation": "Vous devez être connecté pour voir ou télécharger l'archive."
    },
    {
      "name": "⭐Vicalouquaofficial",
      "designation": "Vous devez être connecté pour voir ou télécharger l'archive."
    },
    {
      "name": "⭐Victoria_N",
      "designation": "Vous devez être connecté pour voir ou télécharger l'archive."
    },
    {
      "name": "⭐Victorianour",
      "designation": "Vous devez être connecté pour voir ou télécharger l'archive."
    },
    {
      "name": "⭐Vikkie_Hass",
      "designation": "Vous devez être connecté pour voir ou télécharger l'archive."
    },
    {
      "name": "⭐Violetsummers",
      "designation": "Vous devez être connecté pour voir ou télécharger l'archive."
    },
    {
      "name": "⭐Violettedecembre",
      "designation": "Vous devez être connecté pour voir ou télécharger l'archive."
    },
    {
      "name": "⭐Virginiecaprice",
      "designation": "Vous devez être connecté pour voir ou télécharger l'archive."
    },
    {
      "name": "⭐Virginieconte",
      "designation": "Vous devez être connecté pour voir ou télécharger l'archive."
    },
    {
      "name": "⭐Vyc_Only",
      "designation": "Vous devez être connecté pour voir ou télécharger l'archive."
    },
    {
      "name": "⭐Wiistitii",
      "designation": "Vous devez être connecté pour voir ou télécharger l'archive."
    },
    {
      "name": "⭐Willokhlass",
      "designation": "Vous devez être connecté pour voir ou télécharger l'archive."
    },
    {
      "name": "⭐Wolfie",
      "designation": "Vous devez être connecté pour voir ou télécharger l'archive."
    },
    {
      "name": "⭐Wylette",
      "designation": "Vous devez être connecté pour voir ou télécharger l'archive."
    },
    {
      "name": "⭐Xofreaj",
      "designation": "Vous devez être connecté pour voir ou télécharger l'archive."
    },
    {
      "name": "⭐Yasmeenvip",
      "designation": "Vous devez être connecté pour voir ou télécharger l'archive."
    },
    {
      "name": "⭐Yasminedoll",
      "designation": "Vous devez être connecté pour voir ou télécharger l'archive."
    },
    {
      "name": "⭐Yasminenears",
      "designation": "Vous devez être connecté pour voir ou télécharger l'archive."
    },
    {
      "name": "⭐Yourhotsky",
      "designation": "Vous devez être connecté pour voir ou télécharger l'archive."
    },
    {
      "name": "⭐Yselia",
      "designation": "Vous devez être connecté pour voir ou télécharger l'archive."
    },
    {
      "name": "⭐Zara_Xo",
      "designation": "Vous devez être connecté pour voir ou télécharger l'archive."
    },

    {
      "name": "⭐Zaylaskye",
      "designation": "Vous devez être connecté pour voir ou télécharger l'archive."
    },
    {
      "name": "⭐Zieli",
      "designation": "Vous devez être connecté pour voir ou télécharger l'archive."
    },

    {
      "name": "⭐Zoesimplement",
      "designation": "Vous devez être connecté pour voir ou télécharger l'archive."
    },
    {
      "name": "⭐8genlina",
      "designation": "Vous devez être connecté pour voir ou télécharger l'archive."
    },
    {
      "name": "⭐AevonVanessa",
      "designation": "Vous devez être connecté pour voir ou télécharger l'archive."
    },
    {
      "name": "⭐Aeysa",
      "designation": "Vous devez être connecté pour voir ou télécharger l'archive."
    },
    {
      "name": "⭐Alibaby444",
      "designation": "Vous devez être connecté pour voir ou télécharger l'archive."
    },
    {
      "name": "⭐Almondmilkhunni",
      "designation": "Vous devez être connecté pour voir ou télécharger l'archive."
    },
    {
      "name": "⭐Animebitch666",
      "designation": "Vous devez être connecté pour voir ou télécharger l'archive."
    },
    {
      "name": "⭐Arithefairyy",
      "designation": "Vous devez être connecté pour voir ou télécharger l'archive."
    },
    {
      "name": "⭐AshleyBtv",
      "designation": "Vous devez être connecté pour voir ou télécharger l'archive."
    },

    {
      "name": "⭐Babyxane",
      "designation": "Vous devez être connecté pour voir ou télécharger l'archive."
    },
    {
      "name": "⭐Bbypocah",
      "designation": "Vous devez être connecté pour voir ou télécharger l'archive."
    },
    {
      "name": "⭐Bambi_Doe",
      "designation": "Vous devez être connecté pour voir ou télécharger l'archive."
    },
    {
      "name": "⭐Bbystar1027",
      "designation": "Vous devez être connecté pour voir ou télécharger l'archive."
    },
    {
      "name": "⭐Bigimo",
      "designation": "Vous devez être connecté pour voir ou télécharger l'archive."
    },
    {
      "name": "⭐Caroline Souza",
      "designation": "Vous devez être connecté pour voir ou télécharger l'archive."
    },
    {
      "name": "⭐Cawila Ribeiro",
      "designation": "Vous devez être connecté pour voir ou télécharger l'archive."
    },
    {
      "name": "⭐Chardonnay",
      "designation": "Vous devez être connecté pour voir ou télécharger l'archive."
    },
    {
      "name": "⭐Cherryxkitty",
      "designation": "Vous devez être connecté pour voir ou télécharger l'archive."
    },
    {
      "name": "⭐Cherubesque",
      "designation": "Vous devez être connecté pour voir ou télécharger l'archive."
    },
    {
      "name": "⭐Dawnwillow",
      "designation": "Vous devez être connecté pour voir ou télécharger l'archive."
    },
    {
      "name": "⭐Envee420",
      "designation": "Vous devez être connecté pour voir ou télécharger l'archive."
    },
    {
      "name": "⭐Dorasfit",
      "designation": "Vous devez être connecté pour voir ou télécharger l'archive."
    },
    {
      "name": "⭐Dulcetdoll",
      "designation": "Vous devez être connecté pour voir ou télécharger l'archive."
    },
    {
      "name": "⭐Dulcemoon",
      "designation": "Vous devez être connecté pour voir ou télécharger l'archive."
    },
    {
      "name": "⭐Elvishsob",
      "designation": "Vous devez être connecté pour voir ou télécharger l'archive."
    },
    {
      "name": "⭐Emily Spokes",
      "designation": "Vous devez être connecté pour voir ou télécharger l'archive."
    },
    {
      "name": "⭐Gymleadsaira",
      "designation": "Vous devez être connecté pour voir ou télécharger l'archive."
    },
    {
      "name": "⭐Hinaughtya",
      "designation": "Vous devez être connecté pour voir ou télécharger l'archive."
    },
    {
      "name": "⭐Illbedat",
      "designation": "Vous devez être connecté pour voir ou télécharger l'archive."
    },

    {
      "name": "⭐Jodyexxstar",
      "designation": "Vous devez être connecté pour voir ou télécharger l'archive."
    },
    {
      "name": "⭐JuliaHOB",
      "designation": "Vous devez être connecté pour voir ou télécharger l'archive."
    },
    {
      "name": "⭐Karmabird",
      "designation": "Vous devez être connecté pour voir ou télécharger l'archive."
    },
    {
      "name": "⭐KawaiiKitten",
      "designation": "Vous devez être connecté pour voir ou télécharger l'archive."
    },
    {
      "name": "⭐Kittyxcum",
      "designation": "Vous devez être connecté pour voir ou télécharger l'archive."
    },
    {
      "name": "⭐Lauren Elizabeth",
      "designation": "Vous devez être connecté pour voir ou télécharger l'archive."
    },
    {
      "name": "⭐Lacey Jane",
      "designation": "Vous devez être connecté pour voir ou télécharger l'archive."
    },
    {
      "name": "⭐Lacey King",
      "designation": "Vous devez être connecté pour voir ou télécharger l'archive."
    },
    {
      "name": "⭐Langelinea1",
      "designation": "Vous devez être connecté pour voir ou télécharger l'archive."
    },
    {
      "name": "⭐Lena420",
      "designation": "Vous devez être connecté pour voir ou télécharger l'archive."
    },
    {
      "name": "⭐Lildedjanet",
      "designation": "Vous devez être connecté pour voir ou télécharger l'archive."
    },
    {
      "name": "⭐Littlebananas",
      "designation": "Vous devez être connecté pour voir ou télécharger l'archive."
    },
    {
      "name": "⭐Lioness",
      "designation": "Vous devez être connecté pour voir ou télécharger l'archive."
    },
    {
      "name": "⭐Livlittle",
      "designation": "Vous devez être connecté pour voir ou télécharger l'archive."
    },
    {
      "name": "⭐Melkteeth",
      "designation": "Vous devez être connecté pour voir ou télécharger l'archive."
    },
    {
      "name": "⭐Merissaj",
      "designation": "Vous devez être connecté pour voir ou télécharger l'archive."
    },
    {
      "name": "⭐Mikaela Testa",
      "designation": "Vous devez être connecté pour voir ou télécharger l'archive."
    },
    {
      "name": "⭐Mimivimii",
      "designation": "Vous devez être connecté pour voir ou télécharger l'archive."
    },
    {
      "name": "⭐MissCindy",
      "designation": "Vous devez être connecté pour voir ou télécharger l'archive."
    },
    {
      "name": "⭐Misskirroyal",
      "designation": "Vous devez être connecté pour voir ou télécharger l'archive."
    },
    {
      "name": "⭐Mjailene",
      "designation": "Vous devez être connecté pour voir ou télécharger l'archive."
    },
    {
      "name": "⭐Moonsformation",
      "designation": "Vous devez être connecté pour voir ou télécharger l'archive."
    },
    {
      "name": "⭐MvngoKitty",
      "designation": "Vous devez être connecté pour voir ou télécharger l'archive."
    },
    {
      "name": "⭐Peachtot",
      "designation": "Vous devez être connecté pour voir ou télécharger l'archive."
    },
    {
      "name": "⭐Pipperian",
      "designation": "Vous devez être connecté pour voir ou télécharger l'archive."
    },
    {
      "name": "⭐Sabathrosex",
      "designation": "Vous devez être connecté pour voir ou télécharger l'archive."
    },
    {
      "name": "⭐Sabrina Carmela",
      "designation": "Vous devez être connecté pour voir ou télécharger l'archive."
    },
    {
      "name": "⭐Sabrina Monique",
      "designation": "Vous devez être connecté pour voir ou télécharger l'archive."
    },
    {
      "name": "⭐Shannon Lawson",
      "designation": "Vous devez être connecté pour voir ou télécharger l'archive."
    },
    {
      "name": "⭐Slimejuice",
      "designation": "Vous devez être connecté pour voir ou télécharger l'archive."
    },
    {
      "name": "⭐Slumpedkat",
      "designation": "Vous devez être connecté pour voir ou télécharger l'archive."
    },
    {
      "name": "⭐Sofiadark",
      "designation": "Vous devez être connecté pour voir ou télécharger l'archive."
    },
    {
      "name": "⭐Spicy J",
      "designation": "Vous devez être connecté pour voir ou télécharger l'archive."
    },
    {
      "name": "⭐SuccubusSara",
      "designation": "Vous devez être connecté pour voir ou télécharger l'archive."
    },
    {
      "name": "⭐Tara Jesso",
      "designation": "Vous devez être connecté pour voir ou télécharger l'archive."
    },
    {
      "name": "⭐Taylor White",
      "designation": "Vous devez être connecté pour voir ou télécharger l'archive."
    },
    {
      "name": "⭐Thrashmetaldoll",
      "designation": "Vous devez être connecté pour voir ou télécharger l'archive."
    },
    {
      "name": "⭐Thechantal",
      "designation": "Vous devez être connecté pour voir ou télécharger l'archive."
    },
    {
      "name": "⭐Tigerlillie69",
      "designation": "Vous devez être connecté pour voir ou télécharger l'archive."
    },
    {
      "name": "⭐Traprapunzel",
      "designation": "Vous devez être connecté pour voir ou télécharger l'archive."
    },
    {
      "name": "⭐Troyachan",
      "designation": "Vous devez être connecté pour voir ou télécharger l'archive."
    },
    {
      "name": "⭐UltraTh0T",
      "designation": "Vous devez être connecté pour voir ou télécharger l'archive."
    },
    {
      "name": "⭐Untrtuh",
      "designation": "Vous devez être connecté pour voir ou télécharger l'archive."
    },
    {
      "name": "⭐Urfavcoffeegurl",
      "designation": "Vous devez être connecté pour voir ou télécharger l'archive."
    },
    {
      "name": "⭐Venus Marquez",
      "designation": "Vous devez être connecté pour voir ou télécharger l'archive."
    },
    {
      "name": "⭐Woesenpai",
      "designation": "Vous devez être connecté pour voir ou télécharger l'archive."
    },
    {
      "name": "⭐WhipTrax",
      "designation": "Vous devez être connecté pour voir ou télécharger l'archive."
    },
    {
      "name": "⭐Xailormoon",
      "designation": "Vous devez être connecté pour voir ou télécharger l'archive."
    },
    {
      "name": "⭐Xobritt",
      "designation": "Vous devez être connecté pour voir ou télécharger l'archive."
    },
    {
      "name": "⭐XXXorcism",
      "designation": "Vous devez être connecté pour voir ou télécharger l'archive."
    },
    {
      "name": "⭐Diamanta",
      "designation": "Vous devez être connecté pour voir ou télécharger l'archive."
    },

    {
      "name": "⭐Naelouu",
      "designation": "Vous devez être connecté pour voir ou télécharger l'archive."
    },

    {
      "name": "⭐Miaa_c",
      "designation": "Vous devez être connecté pour voir ou télécharger l'archive."
    },
    {
      "name": "⭐Meido_moon",
      "designation": "Vous devez être connecté pour voir ou télécharger l'archive."
    },
    {
      "name": "⭐Orneesolo",
      "designation": "Vous devez être connecté pour voir ou télécharger l'archive."
    },
    {
      "name": "⭐Tashabanks75",
      "designation": "Vous devez être connecté pour voir ou télécharger l'archive."
    },
    {
      "name": "⭐Mariefrenchfeetgirl",
      "designation": "Vous devez être connecté pour voir ou télécharger l'archive."
    },
    {
      "name": "⭐Amalianelson",
      "designation": "Vous devez être connecté pour voir ou télécharger l'archive."
    },
    {
      "name": "⭐Emmaolsva",
      "designation": "Vous devez être connecté pour voir ou télécharger l'archive."
    },

    {
      "name": "⭐Vivianelomelin",
      "designation": "Vous devez être connecté pour voir ou télécharger l'archive."
    },
    {
      "name": "⭐Purehumansoul",
      "designation": "Vous devez être connecté pour voir ou télécharger l'archive."
    },
    {
      "name": "⭐Frenchbooty",
      "designation": "Vous devez être connecté pour voir ou télécharger l'archive."
    },
    {
      "name": "⭐Lirresistible",
      "designation": "Vous devez être connecté pour voir ou télécharger l'archive."
    },
    
    {
      "name": "⭐Zarahstaaar",
      "designation": "Vous devez être connecté pour voir ou télécharger l'archive."
    },

    {
      "name": "⭐Sarah martins",
      "designation": "Vous devez être connecté pour voir ou télécharger l'archive."
    },

    {
      "name": "⭐Asaakira",
      "designation": "Vous devez être connecté pour voir ou télécharger l'archive."
    },
    {
      "name": "⭐Lenatheplug",
      "designation": "Vous devez être connecté pour voir ou télécharger l'archive."
    },

    {
      "name": "⭐Melodykush",
      "designation": "Vous devez être connecté pour voir ou télécharger l'archive."
    },
    {
      "name": "⭐arielrebel",
      "designation": "Vous devez être connecté pour voir ou télécharger l'archive."
    },
    {
      "name": "⭐Trixym",
      "designation": "Vous devez être connecté pour voir ou télécharger l'archive."
    },
    {
      "name": "⭐Enjoy_x",
      "designation": "Vous devez être connecté pour voir ou télécharger l'archive."
    },

    {
      "name": "⭐Mamanponponette",
      "designation": "Vous devez être connecté pour voir ou télécharger l'archive."
    },

    {
      "name": "⭐africansexglobe",
      "designation": "Vous devez être connecté pour voir ou télécharger l'archive."
    },
    {
      "name": "⭐Valentinaof",
      "designation": "Vous devez être connecté pour voir ou télécharger l'archive."
    },
    {
      "name": "⭐Luxemym",
      "designation": "Vous devez être connecté pour voir ou télécharger l'archive."
    },
    {
      "name": "⭐Claarakush",
      "designation": "Vous devez être connecté pour voir ou télécharger l'archive."
    },

    {
      "name": "⭐Vismavue",
      "designation": "Vous devez être connecté pour voir ou télécharger l'archive."
    },

    {
      "name": "⭐Freebird_",
      "designation": "Vous devez être connecté pour voir ou télécharger l'archive."
    },
    {
      "name": "⭐Madelainerousset",
      "designation": "Vous devez être connecté pour voir ou télécharger l'archive."
    },
    {
      "name": "⭐Babygirl32",
      "designation": "Vous devez être connecté pour voir ou télécharger l'archive."
    },
    {
      "name": "⭐Jadecve",
      "designation": "Vous devez être connecté pour voir ou télécharger l'archive."
    },
    {
      "name": "⭐Mariongagnot",
      "designation": "Vous devez être connecté pour voir ou télécharger l'archive."
    },

    {
      "name": "⭐Kristinabpremium",
      "designation": "Vous devez être connecté pour voir ou télécharger l'archive."
    },

    {
      "name": "⭐Sabrina_kaate",
      "designation": "Vous devez être connecté pour voir ou télécharger l'archive."
    },
    {
      "name": "⭐Nathalie Andreani",
      "designation": "Vous devez être connecté pour voir ou télécharger l'archive."
    },
    {
      "name": "⭐Little lee",
      "designation": "Vous devez être connecté pour voir ou télécharger l'archive."
    },

    {
      "name": "⭐Zinebgang",
      "designation": "Vous devez être connecté pour voir ou télécharger l'archive."
    },
    {
      "name": "⭐Hannahowo",
      "designation": "Vous devez être connecté pour voir ou télécharger l'archive."
    },
    {
      "name": "⭐Georgia.hart",
      "designation": "Vous devez être connecté pour voir ou télécharger l'archive."
    },

    {
      "name": "⭐Ginasavagex",
      "designation": "Vous devez être connecté pour voir ou télécharger l'archive."
    },
    {
      "name": "⭐Lorine_2011",
      "designation": "Vous devez être connecté pour voir ou télécharger l'archive."
    },
    {
      "name": "⭐Aurélie Dotremont",
      "designation": "Vous devez être connecté pour voir ou télécharger l'archive."
    },
    {
      "name": "⭐Alexisfeather",
      "designation": "Vous devez être connecté pour voir ou télécharger l'archive."
    },
    {
      "name": "⭐Bianca",
      "designation": "Vous devez être connecté pour voir ou télécharger l'archive."
    },
    {
      "name": "⭐Shattadu_77",
      "designation": "Vous devez être connecté pour voir ou télécharger l'archive."
    },
    {
      "name": "⭐Yanet Garcia",
      "designation": "Vous devez être connecté pour voir ou télécharger l'archive."
    },
    {
      "name": "⭐Anthea777",
      "designation": "Vous devez être connecté pour voir ou télécharger l'archive."
    },
    {
      "name": "⭐Miaa_c",
      "designation": "Vous devez être connecté pour voir ou télécharger l'archive."
    },
    {
      "name": "⭐Kessvzn",
      "designation": "Vous devez être connecté pour voir ou télécharger l'archive."
    },
    {
      "name": "⭐Angela_sensuela",
      "designation": "Vous devez être connecté pour voir ou télécharger l'archive."
    },
    {
      "name": "⭐Sherabza",
      "designation": "Vous devez être connecté pour voir ou télécharger l'archive."
    },
    {
      "name": "⭐Venusnoire972",
      "designation": "Vous devez être connecté pour voir ou télécharger l'archive."
    },
    {
      "name": "⭐Annaaeeelle",
      "designation": "Vous devez être connecté pour voir ou télécharger l'archive."
    },
    {
      "name": "⭐Milla972",
      "designation": "Vous devez être connecté pour voir ou télécharger l'archive."
    },
    {
      "name": "⭐Kennyssia",
      "designation": "Vous devez être connecté pour voir ou télécharger l'archive."
    },
    {
      "name": "⭐_1m58",
      "designation": "Vous devez être connecté pour voir ou télécharger l'archive."
    },
    {
      "name": "⭐Sweetkenza",
      "designation": "Vous devez être connecté pour voir ou télécharger l'archive."
    },
    {
      "name": "⭐Caribean_girl",
      "designation": "Vous devez être connecté pour voir ou télécharger l'archive."
    },
    {
      "name": "⭐Llahrasta",
      "designation": "Vous devez être connecté pour voir ou télécharger l'archive."
    },
    {
      "name": "⭐Poupeeebene",
      "designation": "Vous devez être connecté pour voir ou télécharger l'archive."
    },
    {
      "name": "⭐Coralieescobar",
      "designation": "Vous devez être connecté pour voir ou télécharger l'archive."
    },
    {
      "name": "⭐___laalaane___",
      "designation": "Vous devez être connecté pour voir ou télécharger l'archive."
    },
    {
      "name": "⭐Alexisfeather",
      "designation": "Vous devez être connecté pour voir ou télécharger l'archive."
    },
    {
      "name": "⭐Saraxxe",
      "designation": "Vous devez être connecté pour voir ou télécharger l'archive."
    },

    {
      "name": "⭐Zzvioletzz",
      "designation": "Vous devez être connecté pour voir ou télécharger l'archive."
    }
  ]
}
