{
  "data": [
    {
      "name": "⭐Michael Bruce",
      "designation": "Vous devez être connecté pour voir ou télécharger l'archive."
    },

    {
      "name": "⭐LittleAngel84",
      "designation": "Vous devez être connecté pour voir ou télécharger l'archive."
    },
    {
      "name": "⭐Poslska",
      "designation": "Vous devez être connecté pour voir ou télécharger l'archive."
    },
    {
      "name": "Mollie S. Castillo",
      "designation": "Vous devez être connecté pour voir ou télécharger l'archive."
    },
    {
      "name": "Darlene P. Allen",
      "designation": "Vous devez être connecté pour voir ou télécharger l'archive."
    }
  ]
}
