[
  {
    "title": "Polska"
  },
  {
    "title": "LittleAngel84"
  },

  {
    "title": "310Lexa"
  },
  {
    "title": "Angella Doll"
  },
  {
    "title": "La Petite Frenchie"
  },
  {
    "title": "Ruby Nikara"
  },
  {
    "title": "Itsleana"
  },
  {
    "title": "Bellatina"
  },
  {
    "title": "Lea Mary"
  },
  {
    "title": "Ava Moore"
  },
  {
    "title": "Diablotinaju"
  },
  {
    "title": "ABCOKOIJPJP"
  },
  {
    "title": "ABCOKOIJPJP"
  },
  {
    "title": "ABCOKOIJPJP"
  },
  {
    "title": "ABCOKOIJPJP"
  },
  {
    "title": "ABCOKOIJPJP"
  },
  {
    "title": "ABCOKOIJPJP"
  },
  {
    "title": "ABCOKOIJPJP"
  },
  {
    
    "title": "ABCOKOIJPJP"
  },
  {
    
    "title": "ABCOKOIJPJP"
  },
  {
    
    "title": "ABCOKOIJPJP"
  },
  {
    
    "title": "ABCOKOIJPJP"
  },
  {
    
    "title": "ABCOKOIJPJP"
  },
  {
    "title": "ABCOKOIJPJP"
  },
  {
    "title": "ABCOKOIJPJP"
  },
  {
    "title": "ABCOKOIJPJP"
  },
  {
    "title": "ABCOKOIJPJP"
  },
  {
    "title": "ABCOKOIJPJP"
  },
  {
    "title": "ABCOKOIJPJP"
  },
  {
    "title": "POAKFOJNOHNOF"
  }
]